{"wspc": [[[0.0, 0.0, 0.0, 0.0], [0.71666, 0.433, 0.48056, 0.45002], [0.79166, 0.9650000000000001, 0.9444000000000001, 0.725], [0.7861, 0.96, 1.0, 0.8833399999999999], [0.92502, 0.9349999999999999, 1.0, 0.9792]], [0.9597914, 0.004583400000000015], [0.05944459999999999, 0.012222599999999993], [0.7535926, 0.011500400000000077]], "swpc": [[[0.0, 0.0, 0.0, 0.0], [0.9400000000000001, 0.17501999999999998, 0.24442, 0.28331999999999996], [0.865, 0.9083400000000001, 0.9222400000000001, 0.8291599999999999], [0.9400000000000001, 0.78334, 0.98888, 0.9291599999999999], [0.931, 0.8694199999999999, 1.0, 0.97502]], [0.9438610000000001, 0.009764000000000106], [-0.0122592, 0.0325558], [0.675463, 0.012036999999999964]], "spwc": [[[0.0, 0.0, 0.0, 0.0], [0.9400000000000001, 0.31668, 0.15833999999999998, 0.3], [0.9650000000000001, 1.0, 0.48058000000000006, 0.74168], [0.9, 1.0, 0.9472200000000001, 0.9041600000000001], [0.9350000000000002, 1.0, 0.9055399999999999, 0.9792]], [0.9549304, 0.013194600000000056], [-0.0155556, 0.0403704], [0.5671298, 0.027777199999999946]], "spcw": [[[0.0, 0.0, 0.0, 0.0], [0.9209999999999999, 0.31944, 0.29584, 0.18888], [0.95, 1.0, 0.7625, 0.45831999999999995], [0.944, 1.0, 0.9792, 0.5694], [0.925, 1.0, 0.99168, 0.9611000000000001]], [0.9694444000000001, 0.01805559999999995], [0.0055, 0.014778000000000001], [0.5504629999999999, 0.03888899999999995]]}
{"wspc": [[[0.0, 0.0, 0.0, 0.0], [0.7, 0.438, 0.51112, 0.41666], [0.78334, 0.96, 0.9694200000000001, 0.74168], [0.8083400000000001, 0.95, 1.0, 0.8875], [0.93334, 0.9219999999999999, 0.9916599999999999, 0.9792]], [0.9565415999999999, 0.02158340000000014], [0.062333400000000004, 0.014555400000000003], [0.7649812, 0.010296799999999995]], "swpc": [[[0.0, 0.0, 0.0, 0.0], [0.9, 0.17501999999999998, 0.3028, 0.3375], [0.8450000000000001, 0.8111200000000001, 0.93334, 0.8208399999999999], [0.97, 0.8444600000000001, 1.0, 0.94166], [0.9559999999999998, 0.82498, 1.0, 0.97502]], [0.9389998, 0.007597199999999971], [0.0232964, 0.0381114], [0.6833334000000001, 0.009722400000000131]], "spwc": [[[0.0, 0.0, 0.0, 0.0], [0.921, 0.34165999999999996, 0.18057999999999996, 0.27084], [0.97, 1.0, 0.46665999999999996, 0.75002], [0.9200000000000002, 1.0, 0.93056, 0.9083400000000001], [0.9410000000000001, 1.0, 0.88332, 0.9792]], [0.9508748, 0.010527799999999976], [-0.009074000000000002, 0.045555], [0.5722224, 0.008796599999999932]], "spcw": [[[0.0, 0.0, 0.0, 0.0], [0.923, 0.24444, 0.27084, 0.16668], [0.96, 1.0, 0.75832, 0.46665999999999996], [0.9540000000000001, 1.0, 0.9792, 0.59442], [0.9269999999999999, 1.0, 0.98752, 0.93054]], [0.9612638, 0.016749800000000037], [0.004111400000000001, 0.0174444], [0.5324074000000001, 0.03472259999999994]]}